{
  "within_mean": 0.7127431956761777,
  "within_std": 0.06499403409645692,
  "between_mean": 0.4299554715534717,
  "between_std": 0.03521925122702671,
  "gap_mean": 0.28278772412270603,
  "gap_ci_low": 0.21721967613622561,
  "gap_ci_high": 0.34835577210918656,
  "n_subjects": 2,
  "n_within_pairs": 2,
  "n_between_pairs": 4,
  "test_statistic": 8.0,
  "p_value": 0.06666666666666667,
  "effect_size": 5.731657387233573
}