{
  "sweep": "run_subsets",
  "k_components": 20,
  "robust_threshold": 0.7,
  "n_runs": 3,
  "pairwise_runs_considered": 3,
  "mean_matched_correlation": 0.4112887231678938,
  "std_matched_correlation": 0.18420049746763087,
  "median_matched_correlation": 0.40436283165178344,
  "n_robust_components": 0,
  "reference_tag": "lorocv-01",
  "details": {
    "n_features": 200
  },
  "per_component_mean_r": [
    0.43353619022729417,
    0.4484247563672936,
    0.3469888920051648,
    0.4447266086089865,
    0.4219477005951776,
    0.3941689411718289,
    0.42101756898167886,
    0.45853751476057103,
    0.44771407741352215,
    0.5566904032838473,
    0.32492412479291843,
    0.3688804174920578,
    0.4452819491850526,
    0.42223288614291926,
    0.45617899836489395,
    0.3354530006748434,
    0.17186888189668892,
    0.5778885942375641,
    0.42419806598803844,
    0.4029104619689381
  ],
  "per_component_std_r": [
    0.0890974068818978,
    0.1379562991635388,
    0.034255186899558504,
    0.17859039182082004,
    0.1464998933545739,
    0.18880882830978452,
    0.21498476397958777,
    0.021856947699721352,
    0.2773812595455269,
    0.24098902320575957,
    0.14955557629645422,
    0.11672682063686998,
    0.03805202400509056,
    0.2981724141930766,
    0.11115620626117728,
    0.02649738389737971,
    0.09063614578161794,
    0.10430656615322478,
    0.285003994786196,
    0.05896695593554774
  ],
  "pairwise_records": [
    {
      "tag_a": "lorocv-01",
      "tag_b": "lorocv-02",
      "k_matched": 20,
      "mean_matched_r": 0.4267118602877905,
      "median_matched_r": 0.4492789924826678,
      "min_matched_r": 0.08123273611507098,
      "n_above_threshold": 2
    },
    {
      "tag_a": "lorocv-01",
      "tag_b": "lorocv-03",
      "k_matched": 20,
      "mean_matched_r": 0.4036451431281375,
      "median_matched_r": 0.3441911446893934,
      "min_matched_r": 0.12406047194984268,
      "n_above_threshold": 2
    },
    {
      "tag_a": "lorocv-02",
      "tag_b": "lorocv-03",
      "k_matched": 20,
      "mean_matched_r": 0.4035091660877537,
      "median_matched_r": 0.40998570825035907,
      "min_matched_r": 0.09975724174425615,
      "n_above_threshold": 2
    }
  ]
}