{
  "n_rois": 200,
  "n_networks": 7,
  "network_names": [
    "Cont",
    "Default",
    "DorsAttn",
    "Limbic",
    "SalVentAttn",
    "SomMot",
    "Vis"
  ],
  "within_mean": 0.4284500482906883,
  "between_mean": 0.21260733073735272,
  "gap_mean": 0.21584271755333556,
  "p_value": 0.000999000999000999,
  "n_permutations": 1000,
  "modularity_q": NaN,
  "block_means": {
    "Cont__Cont": 0.3291649523662552,
    "Cont__Default": 0.21410019926226528,
    "Cont__DorsAttn": 0.26440144848082,
    "Cont__Limbic": 0.1393762316470661,
    "Cont__SalVentAttn": 0.28202561443375795,
    "Cont__SomMot": 0.18215781189600713,
    "Cont__Vis": 0.1286386425145905,
    "Default__Default": 0.34860982062030654,
    "Default__DorsAttn": 0.12670040141789848,
    "Default__Limbic": 0.18186307549049313,
    "Default__SalVentAttn": 0.17489231502398717,
    "Default__SomMot": 0.16650762228344218,
    "Default__Vis": 0.15129627100129467,
    "DorsAttn__DorsAttn": 0.49041844300115667,
    "DorsAttn__Limbic": 0.15941191070749525,
    "DorsAttn__SalVentAttn": 0.30663377524955276,
    "DorsAttn__SomMot": 0.31149640848993493,
    "DorsAttn__Vis": 0.383106267104145,
    "Limbic__Limbic": 0.19112635613953416,
    "Limbic__SalVentAttn": 0.1329618773464209,
    "Limbic__SomMot": 0.1410265857963089,
    "Limbic__Vis": 0.22866127207487913,
    "SalVentAttn__SalVentAttn": 0.3919057180686331,
    "SalVentAttn__SomMot": 0.3213553025553647,
    "SalVentAttn__Vis": 0.19268513730118417,
    "SomMot__SomMot": 0.4463730230529036,
    "SomMot__Vis": 0.2785829414324199,
    "Vis__Vis": 0.7154310764955194
  },
  "block_counts": {
    "Cont__Cont": 435,
    "Cont__Default": 1380,
    "Cont__DorsAttn": 780,
    "Cont__Limbic": 360,
    "Cont__SalVentAttn": 660,
    "Cont__SomMot": 1050,
    "Cont__Vis": 870,
    "Default__Default": 1035,
    "Default__DorsAttn": 1196,
    "Default__Limbic": 552,
    "Default__SalVentAttn": 1012,
    "Default__SomMot": 1610,
    "Default__Vis": 1334,
    "DorsAttn__DorsAttn": 325,
    "DorsAttn__Limbic": 312,
    "DorsAttn__SalVentAttn": 572,
    "DorsAttn__SomMot": 910,
    "DorsAttn__Vis": 754,
    "Limbic__Limbic": 66,
    "Limbic__SalVentAttn": 264,
    "Limbic__SomMot": 420,
    "Limbic__Vis": 348,
    "SalVentAttn__SalVentAttn": 231,
    "SalVentAttn__SomMot": 770,
    "SalVentAttn__Vis": 638,
    "SomMot__SomMot": 595,
    "SomMot__Vis": 1015,
    "Vis__Vis": 406
  },
  "network_assignment": [
    "Vis",
    "Vis",
    "Vis",
    "Vis",
    "Vis",
    "Vis",
    "Vis",
    "Vis",
    "Vis",
    "Vis",
    "Vis",
    "Vis",
    "Vis",
    "Vis",
    "SomMot",
    "SomMot",
    "SomMot",
    "SomMot",
    "SomMot",
    "SomMot",
    "SomMot",
    "SomMot",
    "SomMot",
    "SomMot",
    "SomMot",
    "SomMot",
    "SomMot",
    "SomMot",
    "SomMot",
    "SomMot",
    "DorsAttn",
    "DorsAttn",
    "DorsAttn",
    "DorsAttn",
    "DorsAttn",
    "DorsAttn",
    "DorsAttn",
    "DorsAttn",
    "DorsAttn",
    "DorsAttn",
    "DorsAttn",
    "DorsAttn",
    "DorsAttn",
    "SalVentAttn",
    "SalVentAttn",
    "SalVentAttn",
    "SalVentAttn",
    "SalVentAttn",
    "SalVentAttn",
    "SalVentAttn",
    "SalVentAttn",
    "SalVentAttn",
    "SalVentAttn",
    "SalVentAttn",
    "Limbic",
    "Limbic",
    "Limbic",
    "Limbic",
    "Limbic",
    "Limbic",
    "Cont",
    "Cont",
    "Cont",
    "Cont",
    "Cont",
    "Cont",
    "Cont",
    "Cont",
    "Cont",
    "Cont",
    "Cont",
    "Cont",
    "Cont",
    "Default",
    "Default",
    "Default",
    "Default",
    "Default",
    "Default",
    "Default",
    "Default",
    "Default",
    "Default",
    "Default",
    "Default",
    "Default",
    "Default",
    "Default",
    "Default",
    "Default",
    "Default",
    "Default",
    "Default",
    "Default",
    "Default",
    "Default",
    "Default",
    "Default",
    "Default",
    "Default",
    "Vis",
    "Vis",
    "Vis",
    "Vis",
    "Vis",
    "Vis",
    "Vis",
    "Vis",
    "Vis",
    "Vis",
    "Vis",
    "Vis",
    "Vis",
    "Vis",
    "Vis",
    "SomMot",
    "SomMot",
    "SomMot",
    "SomMot",
    "SomMot",
    "SomMot",
    "SomMot",
    "SomMot",
    "SomMot",
    "SomMot",
    "SomMot",
    "SomMot",
    "SomMot",
    "SomMot",
    "SomMot",
    "SomMot",
    "SomMot",
    "SomMot",
    "SomMot",
    "DorsAttn",
    "DorsAttn",
    "DorsAttn",
    "DorsAttn",
    "DorsAttn",
    "DorsAttn",
    "DorsAttn",
    "DorsAttn",
    "DorsAttn",
    "DorsAttn",
    "DorsAttn",
    "DorsAttn",
    "DorsAttn",
    "SalVentAttn",
    "SalVentAttn",
    "SalVentAttn",
    "SalVentAttn",
    "SalVentAttn",
    "SalVentAttn",
    "SalVentAttn",
    "SalVentAttn",
    "SalVentAttn",
    "SalVentAttn",
    "SalVentAttn",
    "Limbic",
    "Limbic",
    "Limbic",
    "Limbic",
    "Limbic",
    "Limbic",
    "Cont",
    "Cont",
    "Cont",
    "Cont",
    "Cont",
    "Cont",
    "Cont",
    "Cont",
    "Cont",
    "Cont",
    "Cont",
    "Cont",
    "Cont",
    "Cont",
    "Cont",
    "Cont",
    "Cont",
    "Default",
    "Default",
    "Default",
    "Default",
    "Default",
    "Default",
    "Default",
    "Default",
    "Default",
    "Default",
    "Default",
    "Default",
    "Default",
    "Default",
    "Default",
    "Default",
    "Default",
    "Default",
    "Default"
  ],
  "reorder_indices": [
    0,
    1,
    2,
    3,
    4,
    5,
    6,
    7,
    8,
    9,
    10,
    11,
    12,
    13,
    100,
    101,
    102,
    103,
    104,
    105,
    106,
    107,
    108,
    109,
    110,
    111,
    112,
    113,
    114,
    14,
    15,
    16,
    17,
    18,
    19,
    20,
    21,
    22,
    23,
    24,
    25,
    26,
    27,
    28,
    29,
    115,
    116,
    117,
    118,
    119,
    120,
    121,
    122,
    123,
    124,
    125,
    126,
    127,
    128,
    129,
    130,
    131,
    132,
    133,
    30,
    31,
    32,
    33,
    34,
    35,
    36,
    37,
    38,
    39,
    40,
    41,
    42,
    134,
    135,
    136,
    137,
    138,
    139,
    140,
    141,
    142,
    143,
    144,
    145,
    146,
    43,
    44,
    45,
    46,
    47,
    48,
    49,
    50,
    51,
    52,
    53,
    147,
    148,
    149,
    150,
    151,
    152,
    153,
    154,
    155,
    156,
    157,
    54,
    55,
    56,
    57,
    58,
    59,
    158,
    159,
    160,
    161,
    162,
    163,
    60,
    61,
    62,
    63,
    64,
    65,
    66,
    67,
    68,
    69,
    70,
    71,
    72,
    164,
    165,
    166,
    167,
    168,
    169,
    170,
    171,
    172,
    173,
    174,
    175,
    176,
    177,
    178,
    179,
    180,
    73,
    74,
    75,
    76,
    77,
    78,
    79,
    80,
    81,
    82,
    83,
    84,
    85,
    86,
    87,
    88,
    89,
    90,
    91,
    92,
    93,
    94,
    95,
    96,
    97,
    98,
    99,
    181,
    182,
    183,
    184,
    185,
    186,
    187,
    188,
    189,
    190,
    191,
    192,
    193,
    194,
    195,
    196,
    197,
    198,
    199
  ]
}